fold,task,model,scope,decile,observations,mean_prediction,mean_actual
1,regression,linear,baseline,1,43195,-0.000030881668395956615,-0.00003063158142687228
1,regression,linear,baseline,2,43195,-0.000017490864749351445,-0.00001913691303650808
1,regression,linear,baseline,3,43195,-0.000013252080368122215,-0.000011301061184178125
1,regression,linear,baseline,4,43195,-8.296461726493892e-6,-6.722656467569451e-6
1,regression,linear,baseline,5,43194,-3.326576827683464e-6,-3.7883764987168123e-6
1,regression,linear,baseline,6,43195,8.987913865455914e-7,3.4942809013645865e-6
1,regression,linear,baseline,7,43195,5.397165732133528e-6,6.896612748717396e-6
1,regression,linear,baseline,8,43195,0.000011427494598372462,0.000011381223845008439
1,regression,linear,baseline,9,43195,0.000017586920844554648,0.000016347123903929574
1,regression,linear,baseline,10,43194,0.000032583983264353574,0.000039835991057596775
1,regression,linear,expanded,1,43195,-0.00005081583338555387,-0.00005090044706937772
1,regression,linear,expanded,2,43195,-0.00002832000472314665,-0.0000327004230300903
1,regression,linear,expanded,3,43195,-0.000018785318521114304,-0.000016169377582525143
1,regression,linear,expanded,4,43195,-0.000011930567120129357,-9.425307771945567e-6
1,regression,linear,expanded,5,43194,-6.007855854217459e-6,-4.0677652115981615e-6
1,regression,linear,expanded,6,43195,-3.6315604557576925e-7,2.103518066980686e-6
1,regression,linear,expanded,7,43195,5.613947626297168e-6,9.836679158806102e-6
1,regression,linear,expanded,8,43195,0.000012687147618151622,0.00001811353643291119
1,regression,linear,expanded,9,43195,0.00002258304031897903,0.00003314973794245626
1,regression,linear,expanded,10,43194,0.00004735919176979308,0.00005643487071687679
1,regression,ridge,baseline,1,43195,-0.00003088163677956353,-0.00003063158142687228
1,regression,ridge,baseline,2,43195,-0.000017490849821692574,-0.00001913691303650808
1,regression,ridge,baseline,3,43195,-0.000013252069766850759,-0.000011301061184178125
1,regression,ridge,baseline,4,43195,-8.29645345671604e-6,-6.722656467569451e-6
1,regression,ridge,baseline,5,43194,-3.326571728450693e-6,-3.7883764987168123e-6
1,regression,ridge,baseline,6,43195,8.987922517338387e-7,3.4942809013645865e-6
1,regression,ridge,baseline,7,43195,5.397162237802462e-6,6.896612748717396e-6
1,regression,ridge,baseline,8,43195,0.00001142748659745913,0.000011381223845008439
1,regression,ridge,baseline,9,43195,0.000017586907251338438,0.000016347123903929574
1,regression,ridge,baseline,10,43194,0.00003258395717122762,0.000039835991057596775
1,regression,ridge,expanded,1,43195,-0.00005081295017750565,-0.00005088417627249235
1,regression,ridge,expanded,2,43195,-0.000028319636511756125,-0.00003273654495291087
1,regression,ridge,expanded,3,43195,-0.000018785535026904152,-0.000016153926812987934
1,regression,ridge,expanded,4,43195,-0.000011930907816556894,-9.378106337655226e-6
1,regression,ridge,expanded,5,43194,-6.008163104623463e-6,-4.122545734058248e-6
1,regression,ridge,expanded,6,43195,-3.6335451967462147e-7,2.109857989893085e-6
1,regression,ridge,expanded,7,43195,5.613858828763976e-6,9.840480175917122e-6
1,regression,ridge,expanded,8,43195,0.000012687072056141609,0.000018086623333499165
1,regression,ridge,expanded,9,43195,0.000022582858902886034,0.000033175447428038535
1,regression,ridge,expanded,10,43194,0.00004735336295775135,0.000056437911637436244
1,classification,logistic,baseline,1,43195,0.28207486788408476,0.2928579696724158
1,classification,logistic,baseline,2,43195,0.3071324333525975,0.3246440560250029
1,classification,logistic,baseline,3,43195,0.32278106541956375,0.32985299224447273
1,classification,logistic,baseline,4,43195,0.34131245652796177,0.35809700196782035
1,classification,logistic,baseline,5,43194,0.36313687194556094,0.3753993610223642
1,classification,logistic,baseline,6,43195,0.38683569933865286,0.38916541266350274
1,classification,logistic,baseline,7,43195,0.4086100985968663,0.41935409190878575
1,classification,logistic,baseline,8,43195,0.4363868983057691,0.4696839912026855
1,classification,logistic,baseline,9,43195,0.47288868437120574,0.5051510591503646
1,classification,logistic,baseline,10,43194,0.565711902316701,0.5269481872482289
1,classification,logistic,expanded,1,43195,0.21657148208029844,0.2219932862599838
1,classification,logistic,expanded,2,43195,0.2615201007028811,0.27887486977659454
1,classification,logistic,expanded,3,43195,0.2914141493661025,0.3130454913763167
1,classification,logistic,expanded,4,43195,0.3189498903563054,0.34221553420534784
1,classification,logistic,expanded,5,43194,0.34668934872657464,0.37079223966291613
1,classification,logistic,expanded,6,43195,0.37626416191635753,0.40523208704711194
1,classification,logistic,expanded,7,43195,0.40956547388993453,0.4396805185785392
1,classification,logistic,expanded,8,43195,0.44975808319616617,0.48644519041555734
1,classification,logistic,expanded,9,43195,0.5029590859487837,0.5344368561176062
1,classification,logistic,expanded,10,43194,0.6056838940978173,0.5984395980923276
2,regression,linear,baseline,1,43196,-0.00003770003067815204,-0.00004851583401989409
2,regression,linear,baseline,2,43195,-0.000018046407309624908,-0.000027156564254297114
2,regression,linear,baseline,3,43195,-0.000012911858884283409,-0.000016686796614525513
2,regression,linear,baseline,4,43195,-7.417590214603196e-6,-9.619883695780567e-6
2,regression,linear,baseline,5,43195,-2.1720209312601585e-6,-2.091353897691779e-6
2,regression,linear,baseline,6,43195,2.082182832208912e-6,2.5432496844972756e-6
2,regression,linear,baseline,7,43195,7.325651219930282e-6,9.998650495642447e-6
2,regression,linear,baseline,8,43195,0.00001365893578389657,0.000018848071443788402
2,regression,linear,baseline,9,43195,0.000020048056612045376,0.00003104039624833418
2,regression,linear,baseline,10,43195,0.00004370058660071635,0.00004871642039243769
2,regression,linear,expanded,1,43196,-0.000047855298554626586,-0.000057806174743026515
2,regression,linear,expanded,2,43195,-0.00002167778275302704,-0.00003950679930093716
2,regression,linear,expanded,3,43195,-0.000010855559134698538,-0.000022553811816618228
2,regression,linear,expanded,4,43195,-2.691135450867483e-6,-0.000013088372910702439
2,regression,linear,expanded,5,43195,4.626987309715604e-6,-3.859474380877868e-6
2,regression,linear,expanded,6,43195,0.000011964409210157427,5.227186313069836e-6
2,regression,linear,expanded,7,43195,0.000020004391541669807,0.000017158756616002185
2,regression,linear,expanded,8,43195,0.000029634320338276604,0.00002688654805125621
2,regression,linear,expanded,9,43195,0.00004324023546386022,0.00003879107043829145
2,regression,linear,expanded,10,43195,0.00007779623478219007,0.000055827642595130284
2,regression,ridge,baseline,1,43196,-0.000037700004602517614,-0.00004851583401989409
2,regression,ridge,baseline,2,43195,-0.0000180463984399784,-0.000027156564254297114
2,regression,ridge,baseline,3,43195,-0.0000129118534886457,-0.000016686796614525513
2,regression,ridge,baseline,4,43195,-7.4175868707748945e-6,-9.619883695780567e-6
2,regression,ridge,baseline,5,43195,-2.172019438380102e-6,-2.091353897691779e-6
2,regression,ridge,baseline,6,43195,2.0821824754533128e-6,2.5432496844972756e-6
2,regression,ridge,baseline,7,43195,7.325648572709003e-6,9.998650495642447e-6
2,regression,ridge,baseline,8,43195,0.000013658930271592804,0.000018848071443788402
2,regression,ridge,baseline,9,43195,0.00002004804832572971,0.00003104039624833418
2,regression,ridge,baseline,10,43195,0.000043700569595428785,0.00004871642039243769
2,regression,ridge,expanded,1,43196,-0.00004785363624357096,-0.00005782027707414299
2,regression,ridge,expanded,2,43195,-0.000021677571574711412,-0.0000395079529383703
2,regression,ridge,expanded,3,43195,-0.00001085546512582944,-0.000022534607268374927
2,regression,ridge,expanded,4,43195,-2.691081812400977e-6,-0.000013091057858579776
2,regression,ridge,expanded,5,43195,4.627039249328829e-6,-3.861102964746251e-6
2,regression,ridge,expanded,6,43195,0.000011964457983263639,5.23004232388771e-6
2,regression,ridge,expanded,7,43195,0.00002000443577127129,0.000017156265883716983
2,regression,ridge,expanded,8,43195,0.000029634362081377415,0.00002688843640689842
2,regression,ridge,expanded,9,43195,0.00004324029692945941,0.00003880018112130728
2,regression,ridge,expanded,10,43195,0.00007779645272629477,0.000055816643556472255
2,classification,logistic,baseline,1,43196,0.30089130471010683,0.33160477822020556
2,classification,logistic,baseline,2,43195,0.325867854147261,0.34374348882972566
2,classification,logistic,baseline,3,43195,0.3457614711338599,0.3746035420766292
2,classification,logistic,baseline,4,43195,0.3673752524598952,0.40615812015279545
2,classification,logistic,baseline,5,43195,0.3898311324196073,0.43109156152332445
2,classification,logistic,baseline,6,43195,0.41119324712104466,0.4520662113670564
2,classification,logistic,baseline,7,43195,0.4356169413212694,0.48269475633753905
2,classification,logistic,baseline,8,43195,0.46474807826929754,0.4983447158235907
2,classification,logistic,baseline,9,43195,0.5072396023485771,0.504734344252807
2,classification,logistic,baseline,10,43195,0.6462021093056874,0.521796504225026
2,classification,logistic,expanded,1,43196,0.25619465665608127,0.2605102324289286
2,classification,logistic,expanded,2,43195,0.3177960789257144,0.32098622525755294
2,classification,logistic,expanded,3,43195,0.35905968296365876,0.3602037272832504
2,classification,logistic,expanded,4,43195,0.39692970951373474,0.39222132191225834
2,classification,logistic,expanded,5,43195,0.4348725048259727,0.4316008797314504
2,classification,logistic,expanded,6,43195,0.47502786587648416,0.4677393216807501
2,classification,logistic,expanded,7,43195,0.5191134880996217,0.5012385692788517
2,classification,logistic,expanded,8,43195,0.5705309999556094,0.5288343558282208
2,classification,logistic,expanded,9,43195,0.6374168688117361,0.541196897789096
2,classification,logistic,expanded,10,43195,0.7717635650920114,0.5423081375159162
3,regression,linear,baseline,1,43196,-0.00003300413332677689,-0.00003760795914247108
3,regression,linear,baseline,2,43195,-0.000016865167852515435,-0.00001679958088158478
3,regression,linear,baseline,3,43195,-0.000012253980637872649,-9.864603738450447e-6
3,regression,linear,baseline,4,43195,-6.6779983179140426e-6,-5.683181319402248e-6
3,regression,linear,baseline,5,43195,-1.4915272040492275e-6,-1.0160734761679861e-6
3,regression,linear,baseline,6,43195,3.0082580244922014e-6,5.394061849589977e-7
3,regression,linear,baseline,7,43195,7.745201706383443e-6,6.1450491349490845e-6
3,regression,linear,baseline,8,43195,0.000013505738494907415,0.000010817453530805322
3,regression,linear,baseline,9,43195,0.00001891006906394947,0.000017265623607700128
3,regression,linear,baseline,10,43195,0.00003600054632032921,0.00003225414080459284
3,regression,linear,expanded,1,43196,-0.00005083361472850743,-0.000051815332945143296
3,regression,linear,expanded,2,43195,-0.000024949895276594797,-0.00003195178014341912
3,regression,linear,expanded,3,43195,-0.000015687793172212464,-0.00001865571156767728
3,regression,linear,expanded,4,43195,-8.686891765524009e-6,-0.000010072319983713269
3,regression,linear,expanded,5,43195,-2.4655946123865775e-6,-4.2378889265656736e-6
3,regression,linear,expanded,6,43195,3.597663606275155e-6,2.763236685093193e-6
3,regression,linear,expanded,7,43195,9.789878669359707e-6,0.000010607213134610928
3,regression,linear,expanded,8,43195,0.000016889979073444362,0.000019405368028201364
3,regression,linear,expanded,9,43195,0.000026542021406292274,0.000029832625103682763
3,regression,linear,expanded,10,43195,0.000051861473081489236,0.000050175194232322364
3,regression,ridge,baseline,1,43196,-0.00003300412084473688,-0.00003760795914247108
3,regression,ridge,baseline,2,43195,-0.00001686516237102052,-0.00001679958088158478
3,regression,ridge,baseline,3,43195,-0.000012253976804412151,-9.864603738450447e-6
3,regression,ridge,baseline,4,43195,-6.6779964831274305e-6,-5.683181319402248e-6
3,regression,ridge,baseline,5,43195,-1.491527653782099e-6,-1.0160734761679861e-6
3,regression,ridge,baseline,6,43195,3.0082557128159777e-6,5.394061849589977e-7
3,regression,ridge,baseline,7,43195,7.745198368439421e-6,6.1450491349490845e-6
3,regression,ridge,baseline,8,43195,0.000013505733728616224,0.000010817453530805322
3,regression,ridge,baseline,9,43195,0.000018910062794073117,0.000017265623607700128
3,regression,ridge,baseline,10,43195,0.000036000532577976716,0.00003225414080459284
3,regression,ridge,expanded,1,43196,-0.000050833546531903954,-0.000051805589029244714
3,regression,ridge,expanded,2,43195,-0.000024949906508483605,-0.00003196163218145248
3,regression,ridge,expanded,3,43195,-0.00001568782407039613,-0.000018645089065910133
3,regression,ridge,expanded,4,43195,-8.686907239471441e-6,-0.000010082834588925356
3,regression,ridge,expanded,5,43195,-2.4655923957597528e-6,-4.228244699248239e-6
3,regression,ridge,expanded,6,43195,3.597685333100168e-6,2.753592457775759e-6
3,regression,ridge,expanded,7,43195,9.789915707203896e-6,0.000010607213134610928
3,regression,ridge,expanded,8,43195,0.000016890019882579747,0.000019424687217298813
3,regression,ridge,expanded,9,43195,0.00002654201042307348,0.000029813305914585314
3,regression,ridge,expanded,10,43195,0.00005186142196116718,0.000050175194232322364
3,classification,logistic,baseline,1,43196,0.3109094310732361,0.290003704046671
3,classification,logistic,baseline,2,43195,0.3255875773504329,0.2979280009260331
3,classification,logistic,baseline,3,43195,0.3400119281624573,0.3166338696608404
3,classification,logistic,baseline,4,43195,0.35706174193570084,0.34473897441833545
3,classification,logistic,baseline,5,43195,0.3778382633327943,0.36717212640351893
3,classification,logistic,baseline,6,43195,0.4010876862871446,0.3866419724505151
3,classification,logistic,baseline,7,43195,0.42235809447612294,0.3939807848130571
3,classification,logistic,baseline,8,43195,0.43948123560299274,0.43546706794767914
3,classification,logistic,baseline,9,43195,0.46540907182629687,0.5061233939113323
3,classification,logistic,baseline,10,43195,0.5438655685831979,0.5142030327584212
3,classification,logistic,expanded,1,43196,0.2444437492614866,0.21571441800166682
3,classification,logistic,expanded,2,43195,0.29019034568402075,0.26581780298645674
3,classification,logistic,expanded,3,43195,0.3190293108488452,0.29947910637805303
3,classification,logistic,expanded,4,43195,0.3452089193853941,0.3266581780298646
3,classification,logistic,expanded,5,43195,0.37090302930813207,0.3584905660377358
3,classification,logistic,expanded,6,43195,0.39743795848368485,0.3860400509318208
3,classification,logistic,expanded,7,43195,0.4261864164069614,0.4200717675656905
3,classification,logistic,expanded,8,43195,0.45960256138816175,0.4681097349230235
3,classification,logistic,expanded,9,43195,0.5035003771611509,0.5279314735501794
3,classification,logistic,expanded,10,43195,0.5916042005646261,0.5845815487903693
4,regression,linear,baseline,1,43196,-0.000033934225648734185,-0.000032116548942867015
4,regression,linear,baseline,2,43195,-0.000018299762675248994,-0.000019738801758334392
4,regression,linear,baseline,3,43195,-0.000013545447035238496,-0.000011907890408942981
4,regression,linear,baseline,4,43195,-7.587361980928044e-6,-6.996235555412158e-6
4,regression,linear,baseline,5,43195,-2.098271856908875e-6,-3.2718880457014857e-6
4,regression,linear,baseline,6,43195,2.279794160856671e-6,1.7102241671463686e-6
4,regression,linear,baseline,7,43195,7.3778155264271415e-6,8.307973623593225e-6
4,regression,linear,baseline,8,43195,0.000013659466749316696,0.000012644069336139152
4,regression,linear,baseline,9,43195,0.000019759080234110075,0.000021913120636122238
4,regression,linear,baseline,10,43195,0.00003751840167268498,0.000029281145056796927
4,regression,linear,expanded,1,43196,-0.00005303719488056636,-0.00005157834936483918
4,regression,linear,expanded,2,43195,-0.000028435019631906816,-0.000035686284421676244
4,regression,linear,expanded,3,43195,-0.00001799466188587404,-0.0000221024345402018
4,regression,linear,expanded,4,43195,-0.00001032019211013639,-0.000012511155138937757
4,regression,linear,expanded,5,43195,-3.599255945723651e-6,-3.709643058432802e-6
4,regression,linear,expanded,6,43195,2.853309239723931e-6,4.861259043818344e-6
4,regression,linear,expanded,7,43195,9.638116931036886e-6,0.00001244564485088944
4,regression,linear,expanded,8,43195,0.000017485771978026456,0.00002150218609491058
4,regression,linear,expanded,9,43195,0.00002811681259835804,0.000036575333872125565
4,regression,linear,expanded,10,43195,0.00005186466239475227,0.000050029061327670906
4,regression,ridge,baseline,1,43196,-0.00003393421536896148,-0.000032116548942867015
4,regression,ridge,baseline,2,43195,-0.000018299758249030044,-0.000019738801758334392
4,regression,ridge,baseline,3,43195,-0.000013545443607081666,-0.000011907890408942981
4,regression,ridge,baseline,4,43195,-7.587360274888111e-6,-6.996235555412158e-6
4,regression,ridge,baseline,5,43195,-2.098272052373904e-6,-3.2718880457014857e-6
4,regression,ridge,baseline,6,43195,2.279792739539885e-6,1.7102241671463686e-6
4,regression,ridge,baseline,7,43195,7.3778130587128575e-6,8.307973623593225e-6
4,regression,ridge,baseline,8,43195,0.000013659462944245753,0.000012644069336139152
4,regression,ridge,baseline,9,43195,0.00001975907481295983,0.000021913120636122238
4,regression,ridge,baseline,10,43195,0.00003751839014606564,0.000029281145056796927
4,regression,ridge,expanded,1,43196,-0.000053037177865009695,-0.00005157986421051784
4,regression,ridge,expanded,2,43195,-0.000028434973573528825,-0.00003568476954092766
4,regression,ridge,expanded,3,43195,-0.00001799465728284396,-0.000022094560856795772
4,regression,ridge,expanded,4,43195,-0.000010320197455061238,-0.000012527258213051129
4,regression,ridge,expanded,5,43195,-3.5992584439584666e-6,-3.7035054115034963e-6
4,regression,ridge,expanded,6,43195,2.853314622580296e-6,4.86335078759638e-6
4,regression,ridge,expanded,7,43195,9.638117411932487e-6,0.00001244564485088944
4,regression,ridge,expanded,8,43195,0.000017485752428532064,0.00002150218609491058
4,regression,ridge,expanded,9,43195,0.000028116694498227766,0.00003656997741731599
4,regression,ridge,expanded,10,43195,0.000051864314294726946,0.00005003441778248048
4,classification,logistic,baseline,1,43196,0.3090884748798918,0.31190387998888786
4,classification,logistic,baseline,2,43195,0.32540147688441856,0.32075471698113206
4,classification,logistic,baseline,3,43195,0.3416188539235453,0.34578076166222943
4,classification,logistic,baseline,4,43195,0.3607247209789477,0.38124782960990855
4,classification,logistic,baseline,5,43195,0.38316590691881264,0.40356522745688156
4,classification,logistic,baseline,6,43195,0.40704752096350655,0.42912374117374696
4,classification,logistic,baseline,7,43195,0.42742433639924254,0.4359995369834472
4,classification,logistic,baseline,8,43195,0.44590858041677994,0.4806806343326774
4,classification,logistic,baseline,9,43195,0.47084775991765443,0.5158467415210094
4,classification,logistic,baseline,10,43195,0.5312465795366639,0.5246440560250029
4,classification,logistic,expanded,1,43196,0.24068383662071294,0.23564681914992128
4,classification,logistic,expanded,2,43195,0.2883035478012091,0.29392290774395186
4,classification,logistic,expanded,3,43195,0.318490255656678,0.3282092834818845
4,classification,logistic,expanded,4,43195,0.34532850034647655,0.3619168885287649
4,classification,logistic,expanded,5,43195,0.37148546980991887,0.39092487556430144
4,classification,logistic,expanded,6,43195,0.3984957888473758,0.42379905081606667
4,classification,logistic,expanded,7,43195,0.4278757219114363,0.4638268318092372
4,classification,logistic,expanded,8,43195,0.4613379355412765,0.5004977427943049
4,classification,logistic,expanded,9,43195,0.5038670702039076,0.5548095844426438
4,classification,logistic,expanded,10,43195,0.5818986361208798,0.5959949068179188
