entity,latency_ms,roundtrip_cost_bps,sizing,trades,gross_pnl,cost_pnl,net_pnl,exposure,turnover,annualised_daily_sharpe,annualised_daily_sortino,maximum_drawdown,win_rate,average_win,average_loss,average_holding_seconds,break_even_roundtrip_bps,pnl_concentration_largest_day
BTCUSDT,100,0.0,fixed,151952,7.575823155157092,0.0,7.575823155157092,0.46338011485995373,303904.0,58.34718904928684,0.0,0.0,0.5883502685058439,0.00015221800839021062,-0.00014894620050703982,5.269564326089818,0.49856686026884095,0.08130122722816517
ETHUSDT,100,0.0,fixed,191785,9.429643498534636,0.0,9.429643498534636,0.5983891899484954,383570.0,160.78640287127598,0.0,0.0,0.5665875850561827,0.00024941263135322997,-0.0002505817974080311,5.391540111223506,0.4916778422991702,0.06289765318059021
combined,100,0.0,fixed,343737,8.165206814146558,0.0,8.165206814146558,0.5063034450287729,329232.14937800705,83.61021865738009,0.0,0.0,0.5762079729560682,0.00009036682379000063,-0.0000876652325379964,5.337619629859456,0.4960151570599928,0.07003978866359266
BTCUSDT,100,2.0,fixed,151952,7.575823155157092,30.390400000000007,-22.81457684484291,0.46338011485995373,303904.0,-74.08707413927817,-74.08707413927817,-1.0,0.15118590081078234,0.00017451965280042728,-0.0002079704202128031,5.269564326089818,0.49856686026884095,0.08071002063364159
ETHUSDT,100,2.0,fixed,191785,9.429643498534636,38.35700000000001,-28.92735650146537,0.5983891899484954,383570.0,-128.1882175315538,-128.1882175315538,-1.0,0.2380582423025784,0.00027091986707221177,-0.0002826028642672862,5.391540111223506,0.4916778422991702,0.07064189000879093
combined,100,2.0,fixed,5624,0.13549975993876534,0.5379296873999466,-0.4024299274611812,0.008315973354311352,5379.296873999467,-3926.4225090947234,-3926.4225090947234,-0.40242992746118134,0.20039118065433856,0.00008090140715687957,-0.00010976335631020336,5.370337842460882,0.5037824203148034,0.0506441785226103
BTCUSDT,100,5.0,fixed,151952,7.575823155157092,75.97600000000001,-68.40017684484292,0.46338011485995373,303904.0,-72.27326154013564,-72.27326154013564,-1.0,0.024198431083500054,0.000263120048028087,-0.00046783118706081393,5.269564326089818,0.49856686026884095,0.07738963862480393
ETHUSDT,100,5.0,fixed,191785,9.429643498534636,95.89250000000003,-86.46285650146538,0.5983891899484954,383570.0,-154.05175814202957,-154.05175814202957,-1.0,0.06700211173970853,0.00036607655373800186,-0.0005094975282476805,5.391540111223506,0.4916778422991702,0.06545103140474766
combined,100,5.0,fixed,1855,0.04111696980194854,0.44672638223136163,-0.40560941242941323,0.002733117157988004,1786.9055289254466,-2065.4816938469908,-2065.4816938469908,-0.4056094124294133,0.05013477088948787,0.00009190087655584559,-0.00023504891824580412,5.31860084097035,0.46020306206869455,0.05140713652802461
BTCUSDT,100,7.0,fixed,151952,7.575823155157092,106.3664,-98.79057684484292,0.46338011485995373,303904.0,-71.94447669582622,-71.94447669582622,-1.0,0.009522744024428768,0.000342203918913886,-0.0006596840365138121,5.269564326089818,0.49856686026884095,0.07687843527650726
ETHUSDT,100,7.0,fixed,191785,9.429643498534636,134.2495,-124.81985650146537,0.5983891899484954,383570.0,-158.56703292219498,-158.56703292219498,-1.0,0.03253121985556743,0.00046266037549968543,-0.0006882734986699142,5.391540111223506,0.4916778422991702,0.06464903391494338
combined,100,7.0,fixed,1294,0.02821332559034017,0.4363315591770472,-0.408118233586707,0.0019035527384497234,1246.6615976487062,-1525.4808346387913,-1525.4808346387913,-0.40811823358670707,0.020865533230293665,0.0000804804578038853,-0.0003238288918290544,5.307972181607419,0.4526220370235602,0.0516599675424453
BTCUSDT,100,10.0,fixed,151952,7.575823155157092,151.95200000000003,-144.37617684484292,0.46338011485995373,303904.0,-71.70372022383906,-71.70372022383906,-1.0,0.003408971254080236,0.00044786482764046,-0.0009549253854851665,5.269564326089818,0.49856686026884095,0.07651515097097313
ETHUSDT,100,10.0,fixed,191785,9.429643498534636,191.78500000000005,-182.35535650146545,0.5983891899484954,383570.0,-161.8491628468341,-161.8491628468341,-1.0,0.013316995594024559,0.0006521507461210836,-0.0009724672464187088,5.391540111223506,0.4916778422991702,0.0640786394236119
combined,100,10.0,fixed,888,0.01854507391847406,0.4283419130684183,-0.40979683914994425,0.001304335978941848,856.6838261368364,-1189.7740883550375,-1189.7740883550375,-0.40979683914994425,0.007882882882882882,0.00004003038766084377,-0.0004654677092662544,5.289521454954954,0.43295025195239045,0.05113196217615008
BTCUSDT,100,20.0,fixed,151952,7.575823155157092,303.90400000000005,-296.328176844843,0.46338011485995373,303904.0,-71.42953079896884,-71.42953079896884,-1.0,0.00038828050963462147,0.000827994448774961,-0.001951222429719083,5.269564326089818,0.49856686026884095,0.07611144241509067
ETHUSDT,100,20.0,fixed,191785,9.429643498534636,383.5700000000001,-374.1403565014655,0.5983891899484954,383570.0,-165.55954202340644,-165.55954202340644,-1.0,0.0022681648721224286,0.0013289893039921776,-0.0019582883033640035,5.391540111223506,0.4916778422991702,0.06344432703861133
combined,100,20.0,fixed,445,0.012377513105552587,0.43298332863390243,-0.42060581552834986,0.0006560286381039461,432.9833286339024,-673.653896955801,-673.653896955801,-0.42060581552834986,0.0,0.0,-0.0009451816079288761,5.264826408988763,0.571731625076866,0.052144602618743895
BTCUSDT,500,0.0,fixed,148380,5.917197055646958,0.0,5.917197055646958,0.4526932779560185,296760.0,66.87000580589194,0.0,0.0,0.5603922361504245,0.0001491609644897923,-0.00015212117515289692,5.271963770777733,0.3987867000705593,0.07312701872510094
ETHUSDT,500,0.0,fixed,185838,6.346479111139041,0.0,6.346479111139041,0.5801046110873843,371676.0,104.46960025183155,0.0,0.0,0.5397173882628956,0.0002482815363164733,-0.0002550184017014353,5.394057017181631,0.3415059950676955,0.06772337209398183
combined,500,0.0,fixed,334218,6.053678365450405,0.0,6.053678365450405,0.49320106393751945,320577.98557480954,98.9833692800623,0.0,0.0,0.5488962294071534,0.00008927136212239027,-0.00008945694752349855,5.339852288826454,0.3776727434727566,0.07132594745051864
BTCUSDT,500,2.0,fixed,148380,5.917197055646958,29.67600000000001,-23.758802944353043,0.4526932779560185,296760.0,-68.60422033850669,-68.60422033850669,-1.0,0.14071303410163094,0.00017596397217787478,-0.00021515717303750476,5.271963770777733,0.3987867000705593,0.08304252196292407
ETHUSDT,500,2.0,fixed,185838,6.346479111139041,37.167600000000014,-30.82112088886096,0.5801046110873843,371676.0,-115.72891122194422,-115.72891122194422,-1.0,0.22332353985729506,0.00027559260239177737,-0.0002927804918615211,5.394057017181631,0.3415059950676955,0.07149574620297271
combined,500,2.0,fixed,5248,0.10026194678486763,0.5026601933618564,-0.40239824657698886,0.007769143869829692,5026.601933618565,-3661.8122405486297,-3661.8122405486297,-0.40239824657698875,0.18940548780487804,0.0000836261823273661,-0.00011413320917028461,5.370733433307927,0.39892535000355905,0.05067167654557258
BTCUSDT,500,5.0,fixed,148380,5.917197055646958,74.19000000000001,-68.27280294435305,0.4526932779560185,296760.0,-69.88137970984627,-69.88137970984627,-1.0,0.022813047580536462,0.00026738068330977167,-0.00047710532471710495,5.271963770777733,0.3987867000705593,0.07909724930615114
ETHUSDT,500,5.0,fixed,185838,6.346479111139041,92.91900000000004,-86.57252088886099,0.5801046110873843,371676.0,-141.78068441191553,-141.78068441191553,-1.0,0.06347463920188551,0.0003782312849709884,-0.0005230584406429412,5.394057017181631,0.3415059950676955,0.06693670205353527
combined,500,5.0,fixed,1799,0.028527500401471523,0.4330905237879101,-0.40456302338643857,0.0026469829603335683,1732.3620951516402,-2025.7094423383435,-2025.7094423383435,-0.4045630233864387,0.04446914952751529,0.00009686615913446029,-0.00023985591397160874,5.313168698165648,0.3293480096489228,0.05129434432668057
BTCUSDT,500,7.0,fixed,148380,5.917197055646958,103.86599999999999,-97.94880294435305,0.4526932779560185,296760.0,-70.05051144362459,-70.05051144362459,-1.0,0.00909826122118884,0.0003441187251469884,-0.0006693420609623986,5.271963770777733,0.3987867000705593,0.07845926325087649
ETHUSDT,500,7.0,fixed,185838,6.346479111139041,130.08659999999998,-123.74012088886097,0.5801046110873843,371676.0,-147.04310383435376,-147.04310383435376,-1.0,0.03164584207750837,0.0004723200373226276,-0.0007030448108623468,5.394057017181631,0.3415059950676955,0.0661796592563239
combined,500,7.0,fixed,1271,0.020998006353059647,0.4281541096322552,-0.4071561032791956,0.0018658375647492699,1223.297456092158,-1847.6526396649463,-1847.6526396649463,-0.4071561032791955,0.020456333595594022,0.00008703251833659347,-0.00032885056124975663,5.30043710306845,0.34330172516074864,0.05101617664892978
BTCUSDT,500,10.0,fixed,148380,5.917197055646958,148.38000000000002,-142.46280294435306,0.4526932779560185,296760.0,-70.16522435105831,-70.16522435105831,-1.0,0.0032821134923844185,0.00045094024968058105,-0.0009647678446305608,5.271963770777733,0.3987867000705593,0.07800064778775777
ETHUSDT,500,10.0,fixed,185838,6.346479111139041,185.83800000000008,-179.491520888861,0.5801046110873843,371676.0,-151.04147032867735,-151.04147032867735,-1.0,0.013242716774825386,0.0006597216979207672,-0.000987665279655813,5.394057017181631,0.3415059950676955,0.06563195285450513
combined,500,10.0,fixed,872,0.011957254385024499,0.4210701961815151,-0.4091129417964906,0.001279544264245133,842.1403923630302,-1326.1245771494475,-1326.1245771494475,-0.4091129417964905,0.0045871559633027525,0.0000902727382188839,-0.0004717442773610209,5.2739227373853215,0.2839729454485057,0.05148395910221215
BTCUSDT,500,20.0,fixed,148380,5.917197055646958,296.76000000000005,-290.8428029443531,0.4526932779560185,296760.0,-70.28703147100744,-70.28703147100744,-1.0,0.00032349373230893653,0.0010248412446553564,-0.001961087259149048,5.271963770777733,0.3987867000705593,0.077485812566698
ETHUSDT,500,20.0,fixed,185838,6.346479111139041,371.67600000000016,-365.32952088886105,0.5801046110873843,371676.0,-155.75560811968592,-155.75560811968592,-1.0,0.0024376069479869564,0.001208772394227907,-0.0019736067901040878,5.394057017181631,0.3415059950676955,0.06501357727394469
combined,500,20.0,fixed,442,0.007977414617219293,0.42961918707735397,-0.4216417724601347,0.0006509753508110357,429.61918707735396,-732.4428473981573,-732.4428473981573,-0.4216417724601347,0.0,0.0,-0.0009539406616745128,5.253817117647058,0.3713714311266522,0.051852468040405844
BTCUSDT,1000,0.0,fixed,137960,4.465634775142904,0.0,4.465634775142904,0.4210124552719907,275920.0,72.82861900318028,0.0,0.0,0.5362568860539286,0.00014484559889101444,-0.00014960822255761708,5.273336638953319,0.3236905461831621,0.07600615552888064
ETHUSDT,1000,0.0,fixed,172951,4.484276367072027,0.0,4.484276367072027,0.5398957247210648,345902.0,77.50337422465434,0.0,0.0,0.5225815404363086,0.00024340960210507046,-0.00024926817539935316,5.394243527461535,0.25928016415470434,0.0788028707321028
combined,1000,0.0,fixed,310911,4.471561481956661,0.0,4.471561481956661,0.4588089206041526,298169.3227948145,99.59566914666071,0.0,0.0,0.5286496778820948,0.00008702302073328649,-0.00008774870163620428,5.340593723052578,0.2999343755449832,0.07689784133615497
BTCUSDT,1000,2.0,fixed,137960,4.465634775142904,27.592000000000002,-23.1263652248571,0.4210124552719907,275920.0,-72.47891364335118,-72.47891364335118,-1.0,0.1301101768628588,0.00017473118830371644,-0.00021883834726196824,5.273336638953319,0.3236905461831621,0.07960553916477398
ETHUSDT,1000,2.0,fixed,172951,4.484276367072027,34.590199999999996,-30.105923632927976,0.5398957247210648,345902.0,-139.60885730478023,-139.60885730478023,-1.0,0.21328006198287378,0.00027174441813702086,-0.00029493297260662824,5.394243527461535,0.25928016415470434,0.06505780588839802
combined,1000,2.0,fixed,4967,0.07388327400291733,0.47656297192287267,-0.4026796979199554,0.007360281154281312,4765.6297192287275,-3255.7085677968967,-3255.7085677968967,-0.4026796979199554,0.1834105093617878,0.00008513375470307896,-0.00011840151589113913,5.365492508153816,0.3100672035211105,0.050769643802841595
BTCUSDT,1000,5.0,fixed,137960,4.465634775142904,68.98,-64.5143652248571,0.4210124552719907,275920.0,-74.78401791411731,-74.78401791411731,-1.0,0.02118730066685996,0.0002595861478237296,-0.00048337222787047903,5.273336638953319,0.3236905461831621,0.07573021536548878
ETHUSDT,1000,5.0,fixed,172951,4.484276367072027,86.47550000000003,-81.991223632928,0.5398957247210648,345902.0,-169.7564796347106,-169.7564796347106,-1.0,0.059779937670207166,0.00037564160235897245,-0.000528097447665101,5.394243527461535,0.25928016415470434,0.06249724188460647
combined,1000,5.0,fixed,1738,0.013412117788500886,0.4190239838466925,-0.4056118660581916,0.002563468910279839,1676.0959353867697,-1831.085864950024,-1831.085864950024,-0.40561186605819155,0.04487917146144994,0.00008975528839912333,-0.0002485619147911586,5.320521962025317,0.16003997748978438,0.051468250283677665
BTCUSDT,1000,7.0,fixed,137960,4.465634775142904,96.57199999999999,-92.10636522485709,0.4210124552719907,275920.0,-75.13714832949584,-75.13714832949584,-1.0,0.00821252536967237,0.0003426119294368195,-0.0006759962912357137,5.273336638953319,0.3236905461831621,0.07508152944439415
ETHUSDT,1000,7.0,fixed,172951,4.484276367072027,121.0657,-116.581423632928,0.5398957247210648,345902.0,-175.91969623834245,-175.91969623834245,-1.0,0.029754092199524722,0.0004695740266856552,-0.0007091436582596011,5.394243527461535,0.25928016415470434,0.06205641611120772
combined,1000,7.0,fixed,1231,0.0076348454728293914,0.41644820143851025,-0.40881335596568086,0.0018199712944605806,1189.8520041100294,-1493.6830851586196,-1493.6830851586196,-0.4088133559656808,0.01380991064175467,0.00010939785564077103,-0.0003382809880655469,5.317539030869212,0.12833269089696592,0.051255759236552643
BTCUSDT,1000,10.0,fixed,137960,4.465634775142904,137.96,-133.49436522485712,0.4210124552719907,275920.0,-75.38640297725198,-75.38640297725198,-1.0,0.0030806030733545957,0.00041390439928269847,-0.0009719000588544899,5.273336638953319,0.3236905461831621,0.07461128981638551
ETHUSDT,1000,10.0,fixed,172951,4.484276367072027,172.95100000000005,-168.466723632928,0.5398957247210648,345902.0,-180.6109988806159,-180.6109988806159,-1.0,0.012529560395719019,0.0006471070450497469,-0.000994642382187739,5.394243527461535,0.25928016415470434,0.061734597263629384
combined,1000,10.0,fixed,863,0.009863452130830381,0.41966539941217657,-0.4098019472813462,0.0012799990061333258,839.3307988243532,-1160.3918899273683,-1160.3918899273683,-0.4098019472813462,0.005793742757821553,0.00010514658395770475,-0.0004782373895118121,5.29167347161066,0.2350313403165015,0.05187170662956381
BTCUSDT,1000,20.0,fixed,137960,4.465634775142904,275.92,-271.45436522485716,0.4210124552719907,275920.0,-75.66120567099289,-75.66120567099289,-1.0,0.00029718759060597274,0.0006542787181954276,-0.0019684103760345068,5.273336638953319,0.3236905461831621,0.07407943783106578
ETHUSDT,1000,20.0,fixed,172951,4.484276367072027,345.9020000000001,-341.4177236329281,0.5398957247210648,345902.0,-186.14699808438885,-186.14699808438885,-1.0,0.00206416846390018,0.0013630920185407874,-0.0019809747006474566,5.394243527461535,0.25928016415470434,0.06136830013642921
combined,1000,20.0,fixed,438,0.004378557270200423,0.42853231952974125,-0.4241537622595409,0.0006510329420174678,428.53231952974124,-713.5299922515541,-713.5299922515541,-0.4241537622595408,0.0,0.0,-0.0009683875850674449,5.2726349954337906,0.20435132057275504,0.05263836167185475
BTCUSDT,2000,0.0,fixed,126329,2.9609228083097046,0.0,2.9609228083097046,0.3856630276765046,252658.0,81.65193787393164,0.0,0.0,0.5049038621377514,0.00014126714635247486,-0.00014796411619225533,5.2753185082205984,0.2343818765532621,0.0733713295373218
ETHUSDT,2000,0.0,fixed,156936,2.4118305044849118,0.0,2.4118305044849118,0.49028919335243054,313872.0,44.771875412045965,0.0,-0.0025616913660831964,0.5007837589845542,0.0002403691031360605,-0.0002477451692837997,5.398504652297752,0.15368242496845286,0.08765683605311558
combined,2000,0.0,fixed,283265,2.7863503194990655,0.0,2.7863503194990655,0.41892674310200567,272119.7193787227,89.17226474531645,0.0,0.0,0.5026212204119818,0.00008535071798243952,-0.00008720003494581816,5.343566758823011,0.2047885633470878,0.07737085032082469
BTCUSDT,2000,2.0,fixed,126329,2.9609228083097046,25.26580000000001,-22.304877191690302,0.3856630276765046,252658.0,-75.17686587960111,-75.17686587960111,-1.0,0.11777184969405283,0.00017912118091232206,-0.00022404323084856866,5.2753185082205984,0.2343818765532621,0.0764372563441426
ETHUSDT,2000,2.0,fixed,156936,2.4118305044849118,31.38720000000001,-28.97536949551509,0.49028919335243054,313872.0,-154.23120090011426,-154.23120090011426,-1.0,0.2002727226385278,0.0002736763981134078,-0.00029940416146016525,5.398504652297752,0.15368242496845286,0.06495896344762364
combined,2000,2.0,fixed,4657,0.045612411684858224,0.44760216463954383,-0.40198975295468564,0.006923830141143037,4476.021646395438,-4079.377570515988,-4079.377570515988,-0.40198975295468553,0.16770453081382863,0.00008146679573558948,-0.00012012779164710552,5.379072460167491,0.20380782439508582,0.05057446518251489
BTCUSDT,2000,5.0,fixed,126329,2.9609228083097046,63.164500000000025,-60.20357719169032,0.3856630276765046,252658.0,-78.52976531618512,-78.52976531618512,-1.0,0.019916250425476335,0.00026825456601872494,-0.0004916972020691966,5.2753185082205984,0.2343818765532621,0.0734810757430616
ETHUSDT,2000,5.0,fixed,156936,2.4118305044849118,78.46800000000002,-76.0561694955151,0.49028919335243054,313872.0,-186.78204821365173,-186.78204821365173,-1.0,0.057125197532752206,0.00037212952364628005,-0.0005365396643599354,5.398504652297752,0.15368242496845286,0.061801823561699734
combined,2000,5.0,fixed,1739,0.015042658971874056,0.41991123157065213,-0.4048685725987782,0.0025630499959243005,1679.6449262826086,-1981.5798426562355,-1981.5798426562355,-0.4048685725987782,0.04312823461759632,0.00008603577849113854,-0.00024718825479904657,5.312437913743531,0.17911713048979322,0.05133434676410801
BTCUSDT,2000,7.0,fixed,126329,2.9609228083097046,88.43029999999999,-85.46937719169028,0.3856630276765046,252658.0,-79.10862794636172,-79.10862794636172,-1.0,0.007994997189877225,0.00034617601338134254,-0.0006848044986411114,5.2753185082205984,0.2343818765532621,0.07296676096795265
ETHUSDT,2000,7.0,fixed,156936,2.4118305044849118,109.8552,-107.44336949551509,0.49028919335243054,313872.0,-193.7801409301015,-193.7801409301015,-1.0,0.028508436560126423,0.0004591332479330962,-0.0007181955611678172,5.398504652297752,0.15368242496845286,0.06123421109029145
combined,2000,7.0,fixed,1234,0.012943372442305413,0.4173707518937183,-0.4044273794514129,0.0018177501516831195,1192.4878625534811,-2045.8546471840616,-2045.8546471840616,-0.40442737945141294,0.019448946515397084,0.0001168863799983666,-0.00033655591121601133,5.302849147487844,0.21708183116580648,0.051224287179155226
BTCUSDT,2000,10.0,fixed,126329,2.9609228083097046,126.32900000000005,-123.36807719169036,0.3856630276765046,252658.0,-79.53072238750792,-79.53072238750792,-1.0,0.0028655336462728273,0.00045316662503402624,-0.0009806705209297092,5.2753185082205984,0.2343818765532621,0.07259028283071153
ETHUSDT,2000,10.0,fixed,156936,2.4118305044849118,156.93600000000004,-154.5241694955151,0.49028919335243054,313872.0,-199.19495643090082,-199.19495643090082,-1.0,0.011953917520517918,0.0006200438044027903,-0.0010040459929870679,5.398504652297752,0.15368242496845286,0.0608151462558956
combined,2000,10.0,fixed,871,0.012017729623905071,0.4218446916294345,-0.4098269620055295,0.001282214302579366,843.6893832588689,-1066.426698038804,-1066.426698038804,-0.4098269620055295,0.010332950631458095,0.00008892140463274407,-0.00047636572464875194,5.278457532721011,0.284885168934683,0.052037667642040215
BTCUSDT,2000,20.0,fixed,126329,2.9609228083097046,252.6580000000001,-249.69707719169043,0.3856630276765046,252658.0,-80.01032796953331,-80.01032796953331,-1.0,0.00030871771327248694,0.0007504063554416929,-0.001977403935699997,5.2753185082205984,0.2343818765532621,0.07216073098762522
ETHUSDT,2000,20.0,fixed,156936,2.4118305044849118,313.87200000000007,-311.4601694955152,0.49028919335243054,313872.0,-205.68715565811988,-205.68715565811988,-1.0,0.0019307233521945251,0.0012489837937909015,-0.001990887051802837,5.398504652297752,0.15368242496845286,0.060333268290381305
combined,2000,20.0,fixed,438,0.00782322420089469,0.4285323195297413,-0.4207090953288466,0.0006490410744934385,428.53231952974124,-612.3498550532191,-612.3498550532191,-0.4207090953288466,0.0,0.0,-0.0009605230486959968,5.262803025114155,0.3651171145961484,0.05234630293517651
BTCUSDT,5000,0.0,fixed,101720,1.175734952755869,0.0,1.175734952755869,0.3108067939253472,203440.0,46.07378282974504,0.0,-0.01764799711225551,0.46368462445930003,0.00013437734329932322,-0.00014362881368037425,5.2799266604699175,0.11558542594925963,0.0736136348925608
ETHUSDT,5000,0.0,fixed,123479,0.755803169503194,0.0,0.755803169503194,0.38605689905555557,246958.0,23.006748824630584,38.004405477811524,-0.02602139508732937,0.4784376290705302,0.00023621136075386564,-0.00024182585910137281,5.402589278889528,0.061209045222523184,0.12745627723897238
combined,5000,0.0,fixed,225199,1.0422263677284218,0.0,1.0422263677284218,0.3347310012841785,217275.64387106308,74.90844470095534,0.0,0.0,0.4717738533474838,0.00008244860198561981,-0.00008525397641490228,5.347183875021647,0.09593586737654825,0.07164167039182559
BTCUSDT,5000,2.0,fixed,101720,1.175734952755869,20.344000000000005,-19.168265047244134,0.3108067939253472,203440.0,-86.65155134500364,-86.65155134500364,-1.0,0.10250688163586315,0.00017766434483492793,-0.0002302561113211082,5.2799266604699175,0.11558542594925963,0.07301496234688465
ETHUSDT,5000,2.0,fixed,123479,0.755803169503194,24.69580000000001,-23.939996830496813,0.38605689905555557,246958.0,-232.89852350717234,-232.89852350717234,-1.0,0.18679289595801715,0.0002747197628386584,-0.00030151580616617665,5.402589278889528,0.061209045222523184,0.05861888819636297
combined,5000,2.0,fixed,4509,0.032271014231479066,0.4349870139788343,-0.4027159997473553,0.006727538157014966,4349.870139788343,-2706.1224598324707,-2706.1224598324707,-0.4027159997473553,0.16300731869594146,0.00008243255688743944,-0.00012276203737668871,5.371533667110224,0.14837690870950604,0.050964147666241154
BTCUSDT,5000,5.0,fixed,101720,1.175734952755869,50.860000000000014,-49.68426504724415,0.3108067939253472,203440.0,-91.40986637658493,-91.40986637658493,-1.0,0.017322060558395597,0.0002480266598877825,-0.000501423478080458,5.2799266604699175,0.11558542594925963,0.06979614466234285
ETHUSDT,5000,5.0,fixed,123479,0.755803169503194,61.73950000000002,-60.98369683049683,0.38605689905555557,246958.0,-259.72096614055437,-259.72096614055437,-1.0,0.05267292414094704,0.00038051182320689587,-0.0005424966508111518,5.402589278889528,0.061209045222523184,0.05681249543231326
combined,5000,5.0,fixed,1715,0.010578208322372716,0.4153677977968458,-0.40478958947447313,0.002541824155691026,1661.4711911873833,-1674.2713943882063,-1674.2713943882063,-0.4047895894744731,0.044897959183673466,0.00010261439837588697,-0.00025194804526826396,5.319524083381924,0.12733544076455416,0.05172977806084333
BTCUSDT,5000,7.0,fixed,101720,1.175734952755869,71.204,-70.02826504724413,0.3108067939253472,203440.0,-92.28610927715587,-92.28610927715587,-1.0,0.00674400314589068,0.0003045076857732213,-0.0006951833770778605,5.2799266604699175,0.11558542594925963,0.06920877087858635
ETHUSDT,5000,7.0,fixed,123479,0.755803169503194,86.43529999999997,-85.67949683049679,0.38605689905555557,246958.0,-264.32558719699335,-264.32558719699335,-1.0,0.026409348958122435,0.00047373642139633736,-0.0007255515089310274,5.402589278889528,0.061209045222523184,0.05678911045823841
combined,5000,7.0,fixed,1219,0.007453724408767803,0.4135226968864297,-0.4060689724776619,0.0018059301574168735,1181.4934196755135,-1925.6596543554258,-1925.6596543554258,-0.40606897247766194,0.020508613617719443,0.00011063919609175635,-0.00034240783281403337,5.317063073831009,0.12617462416024122,0.05095377568363551
BTCUSDT,5000,10.0,fixed,101720,1.175734952755869,101.72000000000003,-100.54426504724417,0.3108067939253472,203440.0,-92.93592521762551,-92.93592521762551,-1.0,0.0022611089264648054,0.0003675600104769826,-0.000991514472851058,5.2799266604699175,0.11558542594925963,0.06877339197248593
ETHUSDT,5000,10.0,fixed,123479,0.755803169503194,123.47900000000004,-122.72319683049685,0.38605689905555557,246958.0,-267.6065639721889,-267.6065639721889,-1.0,0.011038314207274112,0.0006647028051650968,-0.0010123913881386294,5.402589278889528,0.061209045222523184,0.05700358685388274
combined,5000,10.0,fixed,853,0.0060162033749367235,0.415029540968725,-0.40901333759378833,0.0012672718759496003,830.05908193745,-1456.0218140984114,-1456.0218140984114,-0.40901333759378833,0.0035169988276670576,0.00014059736992720728,-0.0004816883878865528,5.309167323563892,0.14495843743783246,0.051238563569897304
BTCUSDT,5000,20.0,fixed,101720,1.175734952755869,203.44000000000005,-202.26426504724418,0.3108067939253472,203440.0,-93.68564474476851,-93.68564474476851,-1.0,0.00012780180888714117,0.0006336503015918371,-0.001988776608307834,5.2799266604699175,0.11558542594925963,0.06827093331317935
ETHUSDT,5000,20.0,fixed,123479,0.755803169503194,246.95800000000008,-246.20219683049692,0.38605689905555557,246958.0,-271.2189603210624,-271.2189603210624,-1.0,0.001895059078871711,0.0014032183755871028,-0.0020003290188679804,5.402589278889528,0.061209045222523184,0.05725238276089727
combined,5000,20.0,fixed,434,0.008671796883797687,0.4252606026428381,-0.41658880575904045,0.0006466318071096337,425.2606026428381,-664.4694521675053,-664.4694521675053,-0.41658880575904034,0.0,0.0,-0.0009598820409194481,5.284261958525345,0.40783448219306756,0.052590517102295224
BTCUSDT,500,0.0,inverse_volatility,148380,4.092351395023156,0.0,4.092351395023156,0.30445907060926375,198484.217750102,87.50363671225824,0.0,0.0,0.5603922361504245,0.00008489111062420119,-0.000069577327183999,5.271963770777733,0.41236038224213456,0.06372901773427585
ETHUSDT,500,0.0,inverse_volatility,185838,4.859787085090409,0.0,4.859787085090409,0.40964957384177464,259701.25835209413,68.19300204836904,0.0,0.0,0.5397173882628956,0.00014410408032182072,-0.00013184888366758572,5.394057017181631,0.3742598026615393,0.06510412267406913
BTCUSDT,500,2.0,inverse_volatility,148380,4.092351395023156,19.848421775010202,-15.756070379987044,0.30445907060926375,198484.217750102,-157.67282444955336,-157.67282444955336,-1.0,0.14071303410163094,0.0000804609629494104,-0.0001367519848895913,5.271963770777733,0.41236038224213456,0.05666298314202475
ETHUSDT,500,2.0,inverse_volatility,185838,4.859787085090409,25.970125835209416,-21.110338750119006,0.40964957384177464,259701.25835209413,-194.8767591356335,-194.8767591356335,-1.0,0.22332353985729506,0.00013172127639222284,-0.00018413310028647764,5.394057017181631,0.3742598026615393,0.05478742767568887
BTCUSDT,500,5.0,inverse_volatility,148380,4.092351395023156,49.621054437525494,-45.52870304250234,0.30445907060926375,198484.217750102,-144.8764403158998,-144.8764403158998,-1.0,0.022813047580536462,0.00009383935640767276,-0.00031619262225554204,5.271963770777733,0.41236038224213456,0.05761567983406163
ETHUSDT,500,5.0,inverse_volatility,185838,4.859787085090409,64.92531458802353,-60.06552750293312,0.40964957384177464,259701.25835209413,-166.50745870507964,-166.50745870507964,-1.0,0.06347463920188551,0.00013801642794825287,-0.00035447518005430137,5.394057017181631,0.3742598026615393,0.055154009348062895
BTCUSDT,500,7.0,inverse_volatility,148380,4.092351395023156,69.4694762125357,-65.37712481751254,0.30445907060926375,198484.217750102,-142.89481104922535,-142.89481104922535,-1.0,0.00909826122118884,0.00011075929125730042,-0.0004456685700925654,5.271963770777733,0.41236038224213456,0.057768748216643594
ETHUSDT,500,7.0,inverse_volatility,185838,4.859787085090409,90.89544042323294,-86.03565333814254,0.40964957384177464,259701.25835209413,-162.2048448934014,-162.2048448934014,-1.0,0.03164584207750837,0.00015287999319507422,-0.00048308618491152205,5.394057017181631,0.3742598026615393,0.05521397412609883
BTCUSDT,500,10.0,inverse_volatility,148380,4.092351395023156,99.24210887505099,-95.14975748002784,0.30445907060926375,198484.217750102,-141.48812232123464,-141.48812232123464,-1.0,0.0032821134923844185,0.00013336521283916728,-0.000643808066228155,5.271963770777733,0.41236038224213456,0.05787861194809713
ETHUSDT,500,10.0,inverse_volatility,185838,4.859787085090409,129.85062917604705,-124.99084209095665,0.40964957384177464,259701.25835209413,-159.1804801786317,-159.1804801786317,-1.0,0.013242716774825386,0.00019292454311599025,-0.0006841950156866189,5.394057017181631,0.3742598026615393,0.055314628967165914
BTCUSDT,500,20.0,inverse_volatility,148380,4.092351395023156,198.48421775010198,-194.39186635507883,0.30445907060926375,198484.217750102,-139.92731008887583,-139.92731008887583,-1.0,0.00032349373230893653,0.0002840633871243681,-0.0013106106665969634,5.271963770777733,0.41236038224213456,0.05800177510676956
ETHUSDT,500,20.0,inverse_volatility,185838,4.859787085090409,259.7012583520941,-254.84147126700373,0.40964957384177464,259701.25835209413,-155.85673991336583,-155.85673991336583,-1.0,0.0024376069479869564,0.0003189663044983404,-0.0013754401003476088,5.394057017181631,0.3742598026615393,0.055454693846269124
